CREATE TABLE IF NOT EXISTS "__EFMigrationsHistory" (
    "MigrationId" character varying(150) NOT NULL,
    "ProductVersion" character varying(32) NOT NULL,
    CONSTRAINT "PK___EFMigrationsHistory" PRIMARY KEY ("MigrationId")
);

START TRANSACTION;

DO $EF$
BEGIN
    IF NOT EXISTS(SELECT 1 FROM "__EFMigrationsHistory" WHERE "MigrationId" = '20260427170713_InitialPostgreSql') THEN
    CREATE TABLE censo (
        "Id" bigint GENERATED BY DEFAULT AS IDENTITY,
        "Asegurador" character varying(120) NOT NULL,
        "FechaIngreso" date NOT NULL,
        "HoraIngreso" time without time zone NOT NULL,
        "FechaRespuesta" date NOT NULL,
        "HoraRespuesta" time without time zone NOT NULL,
        "IndicadorTiempoRespuestaMinutos" integer NOT NULL,
        "NombrePerfilGestionaCaso" character varying(120) NOT NULL,
        "NombreRecepcionaCaso" character varying(120) NOT NULL,
        "NombreRealizaKardex" character varying(120) NOT NULL,
        "NombrePaciente" character varying(200) NOT NULL,
        "TipoIdentificacion" character varying(3) NOT NULL,
        "NumeroIdentificacion" character varying(20) NOT NULL,
        "CodigoCie10" character varying(4) NOT NULL,
        "DiagnosticoDescriptivo" character varying(300) NOT NULL,
        "FechaNacimiento" date NOT NULL,
        "Edad" integer NOT NULL,
        "Direccion" character varying(300) NOT NULL,
        "ClasificacionZonaSura" character varying(30) NOT NULL,
        "MunicipioResidencia" character varying(120) NOT NULL,
        "Barrio" character varying(120) NOT NULL,
        "ZonaDireccionSegunMunicipio" character varying(50) NOT NULL,
        "Area" character varying(10) NOT NULL,
        "IpsQueRemite" character varying(200) NOT NULL,
        "VistoBuenoRangoFueraAnexo" character varying(2) NOT NULL,
        "Telefono1" character varying(10) NOT NULL,
        "Telefono2" character varying(10),
        "Telefono3" character varying(10),
        "ClasificacionRiesgo" character varying(10) NOT NULL,
        "AdministracionMedicamentos" character varying(2) NOT NULL,
        "TratamientoFarmacologicoIvNebulizacion" character varying(300),
        "PaqueteSura" character varying(20) NOT NULL,
        "NombreMedicamentoPrincipalTratante" character varying(300),
        "FrecuenciaAdministracionMxPrincipal" character varying(30) NOT NULL,
        "NumeroDosisDiaMedicamentoPrincipal" character varying(10) NOT NULL,
        "NombreMedicamentoNumero2" character varying(300),
        "FrecuenciaAdministracionMedicamento2" character varying(30),
        "NumeroDosisMedicamento2" character varying(10),
        "NombreMedicamentoNumero3" character varying(300),
        "FrecuenciaAdministracionMedicamento3" character varying(30),
        "NumeroDosisMedicamento3" character varying(10),
        "AplicacionesTotales" character varying(50),
        "DiasTratamientoIv" character varying(50),
        "CambioFrecuenciaAdministracionTto" character varying(200),
        "FrecuenciaAjustada" character varying(100),
        "FechaInicioTratamiento" date,
        "FechaFinTratamiento" date,
        "FechaPromesaInicioTto" date,
        "HoraPromesaInicioTto" character varying(50),
        "AuxiliarAsignado" character varying(120),
        "Estado" character varying(80),
        "AutorizacionEvento" character varying(100),
        "ResponsableLlamadaBienvenida" character varying(120),
        "EstadoLlamadaBienvenida" character varying(20),
        "ObservacionesPlanManejo" character varying(2000),
        "NumeroTelefonoLlamadaBienvenida" character varying(20),
        "DiasEstancia" integer,
        "NumeroDiasAutorizado" character varying(50),
        "RequiereServiciosComplementarios" character varying(2),
        "PacienteGestante" character varying(2),
        "Nebulizaciones" character varying(2),
        "SistemasPresionNegativaVac" character varying(2),
        "NutricionParenteral" character varying(2),
        "NutricionEnteral" character varying(2),
        "PacienteAnticoagulado" character varying(2),
        "LaboratorioClinicoProcedimiento" character varying(2),
        "ClinicaHeridas" character varying(2),
        "CateterismoOSv" character varying(2),
        "CateterPicc" character varying(2),
        "NumeroCalibreSonda" integer,
        "FechaUltimoCambioSonda" date,
        "AuxiliarAsignadoCateterismo" character varying(120),
        "FechaProximoCambioSonda" date,
        "FechaUltimaCuracionPicc" date,
        "FechaAlta" date,
        "NombreQuienGestionaAlta" character varying(200),
        "AltaTardia" character varying(2),
        "FechaPrimerSeguimiento24Horas" date,
        "FechaSegundoSeguimiento48Horas" date,
        "FechaTercerSeguimiento72Horas" date,
        "ObservacionAltaTardia" character varying(2000),
        "NombreQuienRealizaSeguimientoAltaTardia" character varying(120),
        "PacienteRehospitalizado" character varying(2),
        "FechaRegistroReporteRehospitalizacion" date,
        "FechaRehospitalizacion" date,
        "MotivoRehospitalizacion" character varying(80),
        "AmpliacionMotivoRehospitalizacion" character varying(2000),
        "RemitidoPorRehospitalizacion" character varying(50),
        "IpsIntramuralRehospitalizacion" character varying(200),
        "FechaPrimerSeguimientoRehospitalizacion" date,
        "FechaSegundoSeguimientoRehospitalizacion" date,
        "FechaTercerSeguimientoRehospitalizacion" date,
        "FechaAltaHospitalizacion" date,
        "ObservacionRehospitalizacion" character varying(2000),
        "FechaNovedadDevolucionProductos" date,
        "MotivoNovedadDevolucionProductos" character varying(40),
        "NotificacionAuxiliarDevolucionProductos" character varying(2),
        "FechaMaximaDevolucionProductos" date,
        "EstadoDevolucionServicioFarmaceutico" character varying(20),
        "PresentaNovedadKardex" character varying(2),
        "PresentaNovedadRequisicion" character varying(2),
        "PresentaNovedadAutorizacion" character varying(2),
        "DescripcionNovedadDocumentosPaciente" character varying(2000),
        "FechaReporteNovedadDocumentos" date,
        "HoraReporteNovedadDocumentos" time without time zone,
        "HoraGestionSolucionNovedadDocumentos" time without time zone,
        "FechaGestionFarmacia" date NOT NULL,
        "HoraGestionFarmacia" time without time zone NOT NULL,
        "IndicadorTiempoGestionMinutos" integer NOT NULL,
        "GestionCompletaPendiente" character varying(20) NOT NULL DEFAULT 'Pendiente',
        "CreatedAtUtc" timestamp with time zone NOT NULL,
        CONSTRAINT "PK_censo" PRIMARY KEY ("Id")
    );
    END IF;
END $EF$;

DO $EF$
BEGIN
    IF NOT EXISTS(SELECT 1 FROM "__EFMigrationsHistory" WHERE "MigrationId" = '20260427170713_InitialPostgreSql') THEN
    CREATE TABLE "NursingAssistants" (
        "Id" integer GENERATED BY DEFAULT AS IDENTITY,
        "Name" character varying(120) NOT NULL,
        "NormalizedName" character varying(120) NOT NULL,
        "IsActive" boolean NOT NULL DEFAULT TRUE,
        "CreatedAtUtc" timestamp with time zone NOT NULL,
        CONSTRAINT "PK_NursingAssistants" PRIMARY KEY ("Id")
    );
    END IF;
END $EF$;

DO $EF$
BEGIN
    IF NOT EXISTS(SELECT 1 FROM "__EFMigrationsHistory" WHERE "MigrationId" = '20260427170713_InitialPostgreSql') THEN
    CREATE TABLE "OpsAssistants" (
        "Id" integer GENERATED BY DEFAULT AS IDENTITY,
        "Name" character varying(120) NOT NULL,
        "NormalizedName" character varying(120) NOT NULL,
        "IsActive" boolean NOT NULL DEFAULT TRUE,
        "CreatedAtUtc" timestamp with time zone NOT NULL,
        CONSTRAINT "PK_OpsAssistants" PRIMARY KEY ("Id")
    );
    END IF;
END $EF$;

DO $EF$
BEGIN
    IF NOT EXISTS(SELECT 1 FROM "__EFMigrationsHistory" WHERE "MigrationId" = '20260427170713_InitialPostgreSql') THEN
    CREATE TABLE "Permissions" (
        "Id" integer GENERATED BY DEFAULT AS IDENTITY,
        "Code" character varying(100) NOT NULL,
        "Description" character varying(250) NOT NULL,
        CONSTRAINT "PK_Permissions" PRIMARY KEY ("Id")
    );
    END IF;
END $EF$;

DO $EF$
BEGIN
    IF NOT EXISTS(SELECT 1 FROM "__EFMigrationsHistory" WHERE "MigrationId" = '20260427170713_InitialPostgreSql') THEN
    CREATE TABLE "Roles" (
        "Id" integer GENERATED BY DEFAULT AS IDENTITY,
        "Name" character varying(80) NOT NULL,
        "NormalizedName" character varying(80) NOT NULL,
        "Description" character varying(250),
        CONSTRAINT "PK_Roles" PRIMARY KEY ("Id")
    );
    END IF;
END $EF$;

DO $EF$
BEGIN
    IF NOT EXISTS(SELECT 1 FROM "__EFMigrationsHistory" WHERE "MigrationId" = '20260427170713_InitialPostgreSql') THEN
    CREATE TABLE "Users" (
        "Id" uuid NOT NULL,
        "FullName" character varying(120) NOT NULL,
        "FirstName" character varying(80) NOT NULL,
        "LastName1" character varying(80) NOT NULL,
        "LastName2" character varying(80),
        "NationalId" character varying(20) NOT NULL,
        "NormalizedNationalId" character varying(20) NOT NULL,
        "Email" character varying(150) NOT NULL,
        "NormalizedEmail" character varying(150) NOT NULL,
        "Username" character varying(80) NOT NULL,
        "NormalizedUsername" character varying(80) NOT NULL,
        "PasswordHash" character varying(512) NOT NULL,
        "IsActive" boolean NOT NULL DEFAULT TRUE,
        "CreatedAtUtc" timestamp with time zone NOT NULL,
        "LastLoginAtUtc" timestamp with time zone,
        CONSTRAINT "PK_Users" PRIMARY KEY ("Id")
    );
    END IF;
END $EF$;

DO $EF$
BEGIN
    IF NOT EXISTS(SELECT 1 FROM "__EFMigrationsHistory" WHERE "MigrationId" = '20260427170713_InitialPostgreSql') THEN
    CREATE TABLE "RolePermissions" (
        "RoleId" integer NOT NULL,
        "PermissionId" integer NOT NULL,
        CONSTRAINT "PK_RolePermissions" PRIMARY KEY ("RoleId", "PermissionId"),
        CONSTRAINT "FK_RolePermissions_Permissions_PermissionId" FOREIGN KEY ("PermissionId") REFERENCES "Permissions" ("Id") ON DELETE CASCADE,
        CONSTRAINT "FK_RolePermissions_Roles_RoleId" FOREIGN KEY ("RoleId") REFERENCES "Roles" ("Id") ON DELETE CASCADE
    );
    END IF;
END $EF$;

DO $EF$
BEGIN
    IF NOT EXISTS(SELECT 1 FROM "__EFMigrationsHistory" WHERE "MigrationId" = '20260427170713_InitialPostgreSql') THEN
    CREATE TABLE "AuditLogs" (
        "Id" bigint GENERATED BY DEFAULT AS IDENTITY,
        "Action" character varying(100) NOT NULL,
        "Entity" character varying(100) NOT NULL,
        "Details" character varying(2000),
        "PerformedByUserId" uuid,
        "IpAddress" character varying(45),
        "PerformedAtUtc" timestamp with time zone NOT NULL,
        CONSTRAINT "PK_AuditLogs" PRIMARY KEY ("Id"),
        CONSTRAINT "FK_AuditLogs_Users_PerformedByUserId" FOREIGN KEY ("PerformedByUserId") REFERENCES "Users" ("Id") ON DELETE SET NULL
    );
    END IF;
END $EF$;

DO $EF$
BEGIN
    IF NOT EXISTS(SELECT 1 FROM "__EFMigrationsHistory" WHERE "MigrationId" = '20260427170713_InitialPostgreSql') THEN
    CREATE TABLE "UserPermissions" (
        "UserId" uuid NOT NULL,
        "PermissionId" integer NOT NULL,
        "GrantedAtUtc" timestamp with time zone NOT NULL DEFAULT (CURRENT_TIMESTAMP),
        CONSTRAINT "PK_UserPermissions" PRIMARY KEY ("UserId", "PermissionId"),
        CONSTRAINT "FK_UserPermissions_Permissions_PermissionId" FOREIGN KEY ("PermissionId") REFERENCES "Permissions" ("Id") ON DELETE CASCADE,
        CONSTRAINT "FK_UserPermissions_Users_UserId" FOREIGN KEY ("UserId") REFERENCES "Users" ("Id") ON DELETE CASCADE
    );
    END IF;
END $EF$;

DO $EF$
BEGIN
    IF NOT EXISTS(SELECT 1 FROM "__EFMigrationsHistory" WHERE "MigrationId" = '20260427170713_InitialPostgreSql') THEN
    CREATE TABLE "UserRoles" (
        "UserId" uuid NOT NULL,
        "RoleId" integer NOT NULL,
        CONSTRAINT "PK_UserRoles" PRIMARY KEY ("UserId", "RoleId"),
        CONSTRAINT "FK_UserRoles_Roles_RoleId" FOREIGN KEY ("RoleId") REFERENCES "Roles" ("Id") ON DELETE CASCADE,
        CONSTRAINT "FK_UserRoles_Users_UserId" FOREIGN KEY ("UserId") REFERENCES "Users" ("Id") ON DELETE CASCADE
    );
    END IF;
END $EF$;

DO $EF$
BEGIN
    IF NOT EXISTS(SELECT 1 FROM "__EFMigrationsHistory" WHERE "MigrationId" = '20260427170713_InitialPostgreSql') THEN
    INSERT INTO "Permissions" ("Id", "Code", "Description")
    VALUES (1, 'USERS_READ', 'Consultar usuarios');
    INSERT INTO "Permissions" ("Id", "Code", "Description")
    VALUES (2, 'USERS_WRITE', 'Crear, editar y desactivar usuarios');
    INSERT INTO "Permissions" ("Id", "Code", "Description")
    VALUES (3, 'AUDIT_READ', 'Consultar bitacora de auditoria');
    END IF;
END $EF$;

DO $EF$
BEGIN
    IF NOT EXISTS(SELECT 1 FROM "__EFMigrationsHistory" WHERE "MigrationId" = '20260427170713_InitialPostgreSql') THEN
    INSERT INTO "Roles" ("Id", "Description", "Name", "NormalizedName")
    VALUES (1, 'Administracion total del sistema', 'Administrador', 'ADMINISTRADOR');
    INSERT INTO "Roles" ("Id", "Description", "Name", "NormalizedName")
    VALUES (2, 'Consulta de reportes y auditoria', 'Auditor', 'AUDITOR');
    INSERT INTO "Roles" ("Id", "Description", "Name", "NormalizedName")
    VALUES (3, 'Acceso basico a modulos internos', 'Colaborador', 'COLABORADOR');
    END IF;
END $EF$;

DO $EF$
BEGIN
    IF NOT EXISTS(SELECT 1 FROM "__EFMigrationsHistory" WHERE "MigrationId" = '20260427170713_InitialPostgreSql') THEN
    INSERT INTO "RolePermissions" ("PermissionId", "RoleId")
    VALUES (1, 1);
    INSERT INTO "RolePermissions" ("PermissionId", "RoleId")
    VALUES (2, 1);
    INSERT INTO "RolePermissions" ("PermissionId", "RoleId")
    VALUES (3, 1);
    INSERT INTO "RolePermissions" ("PermissionId", "RoleId")
    VALUES (3, 2);
    INSERT INTO "RolePermissions" ("PermissionId", "RoleId")
    VALUES (1, 3);
    END IF;
END $EF$;

DO $EF$
BEGIN
    IF NOT EXISTS(SELECT 1 FROM "__EFMigrationsHistory" WHERE "MigrationId" = '20260427170713_InitialPostgreSql') THEN
    CREATE INDEX "IX_AuditLogs_PerformedAtUtc" ON "AuditLogs" ("PerformedAtUtc");
    END IF;
END $EF$;

DO $EF$
BEGIN
    IF NOT EXISTS(SELECT 1 FROM "__EFMigrationsHistory" WHERE "MigrationId" = '20260427170713_InitialPostgreSql') THEN
    CREATE INDEX "IX_AuditLogs_PerformedByUserId" ON "AuditLogs" ("PerformedByUserId");
    END IF;
END $EF$;

DO $EF$
BEGIN
    IF NOT EXISTS(SELECT 1 FROM "__EFMigrationsHistory" WHERE "MigrationId" = '20260427170713_InitialPostgreSql') THEN
    CREATE INDEX "IX_censo_CreatedAtUtc" ON censo ("CreatedAtUtc");
    END IF;
END $EF$;

DO $EF$
BEGIN
    IF NOT EXISTS(SELECT 1 FROM "__EFMigrationsHistory" WHERE "MigrationId" = '20260427170713_InitialPostgreSql') THEN
    CREATE INDEX "IX_censo_FechaIngreso" ON censo ("FechaIngreso");
    END IF;
END $EF$;

DO $EF$
BEGIN
    IF NOT EXISTS(SELECT 1 FROM "__EFMigrationsHistory" WHERE "MigrationId" = '20260427170713_InitialPostgreSql') THEN
    CREATE UNIQUE INDEX "IX_NursingAssistants_NormalizedName" ON "NursingAssistants" ("NormalizedName");
    END IF;
END $EF$;

DO $EF$
BEGIN
    IF NOT EXISTS(SELECT 1 FROM "__EFMigrationsHistory" WHERE "MigrationId" = '20260427170713_InitialPostgreSql') THEN
    CREATE UNIQUE INDEX "IX_OpsAssistants_NormalizedName" ON "OpsAssistants" ("NormalizedName");
    END IF;
END $EF$;

DO $EF$
BEGIN
    IF NOT EXISTS(SELECT 1 FROM "__EFMigrationsHistory" WHERE "MigrationId" = '20260427170713_InitialPostgreSql') THEN
    CREATE UNIQUE INDEX "IX_Permissions_Code" ON "Permissions" ("Code");
    END IF;
END $EF$;

DO $EF$
BEGIN
    IF NOT EXISTS(SELECT 1 FROM "__EFMigrationsHistory" WHERE "MigrationId" = '20260427170713_InitialPostgreSql') THEN
    CREATE INDEX "IX_RolePermissions_PermissionId" ON "RolePermissions" ("PermissionId");
    END IF;
END $EF$;

DO $EF$
BEGIN
    IF NOT EXISTS(SELECT 1 FROM "__EFMigrationsHistory" WHERE "MigrationId" = '20260427170713_InitialPostgreSql') THEN
    CREATE UNIQUE INDEX "IX_Roles_NormalizedName" ON "Roles" ("NormalizedName");
    END IF;
END $EF$;

DO $EF$
BEGIN
    IF NOT EXISTS(SELECT 1 FROM "__EFMigrationsHistory" WHERE "MigrationId" = '20260427170713_InitialPostgreSql') THEN
    CREATE INDEX "IX_UserPermissions_PermissionId" ON "UserPermissions" ("PermissionId");
    END IF;
END $EF$;

DO $EF$
BEGIN
    IF NOT EXISTS(SELECT 1 FROM "__EFMigrationsHistory" WHERE "MigrationId" = '20260427170713_InitialPostgreSql') THEN
    CREATE INDEX "IX_UserRoles_RoleId" ON "UserRoles" ("RoleId");
    END IF;
END $EF$;

DO $EF$
BEGIN
    IF NOT EXISTS(SELECT 1 FROM "__EFMigrationsHistory" WHERE "MigrationId" = '20260427170713_InitialPostgreSql') THEN
    CREATE UNIQUE INDEX "IX_Users_NormalizedEmail" ON "Users" ("NormalizedEmail");
    END IF;
END $EF$;

DO $EF$
BEGIN
    IF NOT EXISTS(SELECT 1 FROM "__EFMigrationsHistory" WHERE "MigrationId" = '20260427170713_InitialPostgreSql') THEN
    CREATE UNIQUE INDEX "IX_Users_NormalizedNationalId" ON "Users" ("NormalizedNationalId");
    END IF;
END $EF$;

DO $EF$
BEGIN
    IF NOT EXISTS(SELECT 1 FROM "__EFMigrationsHistory" WHERE "MigrationId" = '20260427170713_InitialPostgreSql') THEN
    CREATE UNIQUE INDEX "IX_Users_NormalizedUsername" ON "Users" ("NormalizedUsername");
    END IF;
END $EF$;

DO $EF$
BEGIN
    IF NOT EXISTS(SELECT 1 FROM "__EFMigrationsHistory" WHERE "MigrationId" = '20260427170713_InitialPostgreSql') THEN
    PERFORM setval(
        pg_get_serial_sequence('"Permissions"', 'Id'),
        GREATEST(
            (SELECT MAX("Id") FROM "Permissions") + 1,
            nextval(pg_get_serial_sequence('"Permissions"', 'Id'))),
        false);
    PERFORM setval(
        pg_get_serial_sequence('"Roles"', 'Id'),
        GREATEST(
            (SELECT MAX("Id") FROM "Roles") + 1,
            nextval(pg_get_serial_sequence('"Roles"', 'Id'))),
        false);
    END IF;
END $EF$;

DO $EF$
BEGIN
    IF NOT EXISTS(SELECT 1 FROM "__EFMigrationsHistory" WHERE "MigrationId" = '20260427170713_InitialPostgreSql') THEN
    INSERT INTO "__EFMigrationsHistory" ("MigrationId", "ProductVersion")
    VALUES ('20260427170713_InitialPostgreSql', '10.0.4');
    END IF;
END $EF$;

DO $EF$
BEGIN
    IF NOT EXISTS(SELECT 1 FROM "__EFMigrationsHistory" WHERE "MigrationId" = '20260428120000_AddCorreoElectronicoCenso') THEN
    ALTER TABLE censo ADD "CorreoElectronico" character varying(150) NOT NULL DEFAULT '';
    END IF;
END $EF$;

DO $EF$
BEGIN
    IF NOT EXISTS(SELECT 1 FROM "__EFMigrationsHistory" WHERE "MigrationId" = '20260428120000_AddCorreoElectronicoCenso') THEN
    UPDATE censo SET "Telefono2" = '' WHERE "Telefono2" IS NULL;
    ALTER TABLE censo ALTER COLUMN "Telefono2" SET NOT NULL;
    ALTER TABLE censo ALTER COLUMN "Telefono2" SET DEFAULT '';
    END IF;
END $EF$;

DO $EF$
BEGIN
    IF NOT EXISTS(SELECT 1 FROM "__EFMigrationsHistory" WHERE "MigrationId" = '20260428120000_AddCorreoElectronicoCenso') THEN
    INSERT INTO "__EFMigrationsHistory" ("MigrationId", "ProductVersion")
    VALUES ('20260428120000_AddCorreoElectronicoCenso', '10.0.4');
    END IF;
END $EF$;

DO $EF$
BEGIN
    IF NOT EXISTS(SELECT 1 FROM "__EFMigrationsHistory" WHERE "MigrationId" = '20260428123000_AddDiasMedicamentosCenso') THEN
    ALTER TABLE censo ADD "DiasMedicamentoPrincipal" integer;
    ALTER TABLE censo ADD "DiasMedicamento2" integer;
    ALTER TABLE censo ADD "DiasMedicamento3" integer;
    END IF;
END $EF$;

DO $EF$
BEGIN
    IF NOT EXISTS(SELECT 1 FROM "__EFMigrationsHistory" WHERE "MigrationId" = '20260428123000_AddDiasMedicamentosCenso') THEN
    INSERT INTO "__EFMigrationsHistory" ("MigrationId", "ProductVersion")
    VALUES ('20260428123000_AddDiasMedicamentosCenso', '10.0.4');
    END IF;
END $EF$;

DO $EF$
BEGIN
    IF NOT EXISTS(SELECT 1 FROM "__EFMigrationsHistory" WHERE "MigrationId" = '20260428124500_RemoveDiasEstanciaCenso') THEN
    ALTER TABLE censo DROP COLUMN "DiasEstancia";
    END IF;
END $EF$;

DO $EF$
BEGIN
    IF NOT EXISTS(SELECT 1 FROM "__EFMigrationsHistory" WHERE "MigrationId" = '20260428124500_RemoveDiasEstanciaCenso') THEN
    INSERT INTO "__EFMigrationsHistory" ("MigrationId", "ProductVersion")
    VALUES ('20260428124500_RemoveDiasEstanciaCenso', '10.0.4');
    END IF;
END $EF$;
COMMIT;
